location2,count
410 College Street,3124470.0
40 Orchard View Boulevard,2665708.0
1 Brimley Road S,2584975.0
2075 Bayview Avenue,2413296.0
18 Grenville Street,2131720.0
20 Edward Street,1963682.0
1090 Don Mills Road,1676830.0
James Street,1590447.0
150 Dan Leckie Way,1405990.0
21 Hillcrest Avenue,1390470.0
3401 Dufferin Street,1384960.0
555 Rexdale Boulevard,1259490.0
60 Murray Street,1208670.0
35 Balmuto Street,967130.0
401 College Street,735800.0
22 Mc Caul Street,704580.0
1800 Sheppard Avenue E,684310.0
45 Overlea Boulevard,679730.0
111 Chestnut Street,643635.0
106 Beverley Street,612100.0
