location2,count
2075 Bayview Avenue,111733
20 Edward Street,66580
1750 Finch Avenue E,52971
James Street,36384
1265 Military Trl,20638
25 The West Mall,19861
25 St Mary Street,19538
941 Progress Avenue,19469
1 Brimley Road S,19162
40 Orchard View Boulevard,18938
La Plante Avenue,18660
4001 Leslie Street,17349
3401 Dufferin Street,16326
15 Marine Parade Drive,15261
700 Lawrence Avenue W,15220
70 York Street,14950
60 Bloor Street W,14552
103 The Queensway,14263
225 King Street W,13200
2 Cooper Street,12875
