location2,province,city_coord,address,coords,Latitude,Longitude
2075 Bayview Avenue,"TORONTO, ON","2075 Bayview Ave, North York, Toronto, Ontario, M4N 3M5","2075 Bayview Ave, North York, Toronto, Ontario, M4N 3M5","(43.72149001514609, -79.37880999379736)",43.72149001514609,-79.37880999379736
20 Edward Street,"TORONTO, ON","20 Edward St, Toronto, Ontario, M5G 1C9","20 Edward St, Toronto, Ontario, M5G 1C9","(43.65706000181709, -79.38218999625286)",43.65706000181709,-79.38218999625286
1750 Finch Avenue E,"TORONTO, ON","1750 Finch Ave E, North York, Toronto, Ontario, M2J 2X5","1750 Finch Ave E, North York, Toronto, Ontario, M2J 2X5","(43.793940936254224, -79.34940231257131)",43.793940936254224,-79.34940231257131
James Street,"TORONTO, ON","James St, Toronto, Ontario, M5G","James St, Toronto, Ontario, M5G","(43.65307234392041, -79.38109946360196)",43.65307234392041,-79.38109946360196
1265 Military Trl,"TORONTO, ON","1265 Military Trl, Scarborough, Toronto, Ontario, M1C 1A4","1265 Military Trl, Scarborough, Toronto, Ontario, M1C 1A4","(43.78547081980686, -79.18607639029766)",43.78547081980686,-79.18607639029766
25 The West Mall,"TORONTO, ON","25 The West Mall, Etobicoke, Toronto, Ontario, M9C 1B8","25 The West Mall, Etobicoke, Toronto, Ontario, M9C 1B8","(43.609911751684145, -79.56071945602184)",43.609911751684145,-79.56071945602184
25 St Mary Street,"TORONTO, ON","25 St Mary St, Toronto, Ontario, M4Y 1R2","25 St Mary St, Toronto, Ontario, M4Y 1R2","(43.66733001250185, -79.38711000577878)",43.66733001250185,-79.38711000577878
941 Progress Avenue,"TORONTO, ON","941 Progress Ave, Scarborough, Toronto, Ontario, M1G 3T8","941 Progress Ave, Scarborough, Toronto, Ontario, M1G 3T8","(43.78421858905912, -79.23174553507029)",43.78421858905912,-79.23174553507029
1 Brimley Road S,"TORONTO, ON","1 Brimley Rd S, Scarborough, Toronto, Ontario, M1M","1 Brimley Rd S, Scarborough, Toronto, Ontario, M1M","(43.70619999883053, -79.23493001574414)",43.70619999883053,-79.23493001574414
40 Orchard View Boulevard,"TORONTO, ON","40 Orchard View Blvd, Toronto, Ontario, M4R 1B9","40 Orchard View Blvd, Toronto, Ontario, M4R 1B9","(43.70826999363874, -79.40001998068766)",43.70826999363874,-79.40001998068766
La Plante Avenue,"TORONTO, ON","La Plante Ave, Toronto, Ontario, M5G","La Plante Ave, Toronto, Ontario, M5G","(43.659477812519114, -79.38616732634392)",43.659477812519114,-79.38616732634392
4001 Leslie Street,"TORONTO, ON","4001 Leslie St, North York, Toronto, Ontario, M2K 1E1","4001 Leslie St, North York, Toronto, Ontario, M2K 1E1","(43.76947733822521, -79.36420053813562)",43.76947733822521,-79.36420053813562
3401 Dufferin Street,"TORONTO, ON","3401 Dufferin St, North York, Toronto, Ontario, M6A 2T9","3401 Dufferin St, North York, Toronto, Ontario, M6A 2T9","(43.72470571238767, -79.45699420577085)",43.72470571238767,-79.45699420577085
15 Marine Parade Drive,"TORONTO, ON","15 Marine Parade Dr, Etobicoke, Toronto, Ontario, M8V","15 Marine Parade Dr, Etobicoke, Toronto, Ontario, M8V","(43.62899001391091, -79.47545995911372)",43.62899001391091,-79.47545995911372
700 Lawrence Avenue W,"TORONTO, ON","700 Lawrence Ave W, North York, Toronto, Ontario, M6A 3B3","700 Lawrence Ave W, North York, Toronto, Ontario, M6A 3B3","(43.71563952697318, -79.44657785102568)",43.71563952697318,-79.44657785102568
70 York Street,"TORONTO, ON","70 York St, Toronto, Ontario, M5J 1S9","70 York St, Toronto, Ontario, M5J 1S9","(43.6468399891848, -79.38340000779526)",43.6468399891848,-79.38340000779526
60 Bloor Street W,"TORONTO, ON","60 Bloor St W, Toronto, Ontario, M4W 1J2","60 Bloor St W, Toronto, Ontario, M4W 1J2","(43.67004998199178, -79.38901001559059)",43.67004998199178,-79.38901001559059
103 The Queensway,"TORONTO, ON","103 The Queensway, Toronto, Ontario, M6S 5B3","103 The Queensway, Toronto, Ontario, M6S 5B3","(43.636299997398766, -79.47016997238164)",43.636299997398766,-79.47016997238164
225 King Street W,"TORONTO, ON","225 King St W, Toronto, Ontario, M5V 3M2","225 King St W, Toronto, Ontario, M5V 3M2","(43.64678001666758, -79.3882200212163)",43.64678001666758,-79.3882200212163
2 Cooper Street,"TORONTO, ON","2 Cooper St, Toronto, Ontario, M5E 0B8","2 Cooper St, Toronto, Ontario, M5E 0B8","(43.643190005628014, -79.37174002610693)",43.643190005628014,-79.37174002610693
410 College Street,"TORONTO, ON","410 College St, Toronto, Ontario, M5T 1S8","410 College St, Toronto, Ontario, M5T 1S8","(43.65704001097802, -79.40634001950097)",43.65704001097802,-79.40634001950097
18 Grenville Street,"TORONTO, ON","18 Grenville St, Toronto, Ontario, M4Y 3B3","18 Grenville St, Toronto, Ontario, M4Y 3B3","(43.662030009395465, -79.38449996494897)",43.662030009395465,-79.38449996494897
1090 Don Mills Road,"TORONTO, ON","1090 Don Mills Rd, North York, Toronto, Ontario, M3C 3R6","1090 Don Mills Rd, North York, Toronto, Ontario, M3C 3R6","(43.736440019559325, -79.34418996765473)",43.736440019559325,-79.34418996765473
150 Dan Leckie Way,"TORONTO, ON","150 Dan Leckie Way, Toronto, Ontario, M5V 0C9","150 Dan Leckie Way, Toronto, Ontario, M5V 0C9","(43.63967999985428, -79.39837997751235)",43.63967999985428,-79.39837997751235
21 Hillcrest Avenue,"TORONTO, ON","21 Hillcrest Ave, North York, Toronto, Ontario, M2N 7K2","21 Hillcrest Ave, North York, Toronto, Ontario, M2N 7K2","(43.767410020235644, -79.41120001460015)",43.767410020235644,-79.41120001460015
555 Rexdale Boulevard,"TORONTO, ON","555 Rexdale Blvd, Etobicoke, Toronto, Ontario, M9W","555 Rexdale Blvd, Etobicoke, Toronto, Ontario, M9W","(43.715320012399616, -79.60382997971206)",43.715320012399616,-79.60382997971206
60 Murray Street,"TORONTO, ON","60 Murray St, Toronto, Ontario, M5T 3L9","60 Murray St, Toronto, Ontario, M5T 3L9","(43.657890019779046, -79.39164000534994)",43.657890019779046,-79.39164000534994
35 Balmuto Street,"TORONTO, ON","35 Balmuto St, Toronto, Ontario, M4Y 0A3","35 Balmuto St, Toronto, Ontario, M4Y 0A3","(43.66946999620157, -79.38744997577157)",43.66946999620157,-79.38744997577157
401 College Street,"TORONTO, ON","401 College St, Toronto, Ontario, M5T 1S9","401 College St, Toronto, Ontario, M5T 1S9","(43.65640001076105, -79.40569000290972)",43.65640001076105,-79.40569000290972
22 Mc Caul Street,"TORONTO, ON","22 McCaul St, Toronto, Ontario, M5T 3C2","22 McCaul St, Toronto, Ontario, M5T 3C2","(43.651210020133846, -79.39043996827232)",43.651210020133846,-79.39043996827232
1800 Sheppard Avenue E,"TORONTO, ON","1800 Sheppard Ave E, North York, Toronto, Ontario, M2J 5A7","1800 Sheppard Ave E, North York, Toronto, Ontario, M2J 5A7","(43.775540670878215, -79.34518044636012)",43.775540670878215,-79.34518044636012
45 Overlea Boulevard,"TORONTO, ON","45 Overlea Blvd, East York, Toronto, Ontario, M4H 1C3","45 Overlea Blvd, East York, Toronto, Ontario, M4H 1C3","(43.7050302149022, -79.34959698479244)",43.7050302149022,-79.34959698479244
111 Chestnut Street,"TORONTO, ON","111 Chestnut St, Toronto, Ontario, M5G 2J1","111 Chestnut St, Toronto, Ontario, M5G 2J1","(43.654829996477275, -79.38553999149498)",43.654829996477275,-79.38553999149498
106 Beverley Street,"TORONTO, ON","106 Beverley St, Toronto, Ontario, M5T 1Y2","106 Beverley St, Toronto, Ontario, M5T 1Y2","(43.6531700024629, -79.39404997015095)",43.6531700024629,-79.39404997015095
